strand,c_over_g,start_rut,end_rut,term_seq,downstream_seq,palindromes,pause_concensus,score
+,2.25,44,122,CACCACCCTGCCCTTTTTCTTTAAAACCGAAAAGATTACTTCGCGTTATGCAGGCTTCCTCGCTCACTGACTCGCTGC,TAAAAAGGCCGCGTTGCTGGCGT,"[[[21, 24], [32, 35], 'GAGC', 11, False], [[104, 107], [115, 118], 'GGCC', 11, False]]","[[43, 55], [28, 40], [20, 32]]",11.0
+,1.5,272,350,TTTTCCACAGGCTCCGCCCCCCTGACGAGCATCACAAAAATCGACGCTCAAGTCAGAGGTGGCGAAACCCGACAGGAC,CTTTCTCATAGCTCACGCTGTAGGTATCTCAGTTCGGTGT,"[[[18, 21], [26, 29], 'TTCC', 8, False], [[70, 73], [80, 83], 'CGGA', 9, False], [[90, 93], [97, 100], 'TCCC', 10, False], [[100, 103], [109, 112], 'AAGC', 11, True], [[101, 104], [108, 111], 'AGCG', 13, True], [[100, 104], [108, 112], 'AAGCG', 13, True]]","[[98, 110]]",13.0
+,2.0,534,612,ACCCCCCGTTCAGCCCGACCGCTGCGCCTTATCCGGTAACTATCGTCTTGAGTCCAACCCGGTAAGACACGACTTATC,GCTACACTAGAAGAACAGTATTTGGTATCTGCGCTCTGCTGAAGCCAGTTACCTTCGGAAA,"[[[5, 8], [13, 16], 'TGGC', 11, False], [[45, 49], [56, 60], 'TGTAG', 12, True]]","[[41, 53], [24, 36]]",12.0
+,1.2777777777777777,1018,1096,ACTTGGTCTGACAGCTCGAGGCTTGGATTCTCACCAATAAAAAACGCCCGGCGGCAACCGAGCGTTCTGAACAAATCC,AGCTCGATATCAAATTACGCCCCGCCCTGCCACTCATCGCAGTACTGTTGTAATTCATTAAGCATTCTGCCGACATGGAAGCCATCACAAACGGCATGATG,"[[[123, 126], [130, 133], 'ATGG', 8, False]]","[[37, 49]]",8.0
+,1.2142857142857142,1328,1406,TCCATATTGGCCACGTTTAAATCAAAACTGGTGAAACTCACCCAGGGATTGGCTGAGACGAAAAACATATTCTCAATA,AACCCTTTAGGGAAATAGGCCAGGTTTTCACCGTAACACGCCACATCTTGCGAATATATGTGTAGAAACTGCCGGAAATCGTCGTGGTATTCACTCCAGAGCGATGAAAACGTTTCAGTTTGCTCATGGAAAACGGTGTAACAAGGGTGA,"[[[104, 107], [113, 116], 'TGAA', 7, False], [[105, 108], [112, 115], 'GAAA', 7, False], [[107, 110], [117, 120], 'AAAC', 6, False], [[104, 108], [112, 116], 'TGAAA', 8, False]]",[],8.0
+,1.0526315789473684,2051,2129,TTCGCGGCCGCTTCTAGAGTTTACGGCTAGCTCAGTCCTAGGTACAATGCTAGCTACTAGAGTCACACAGGAAAGTAC,TAGATGAGCGAACTGATCAAAGAGAACATGCACATGAAGCTGTACATGGAAGGCACCGTTGACAACCACCACTTTAAGTGCACGTCTGAGGGTGAGGGTAAGCCGTACGAAGGCACCCAAACCATGCGTATCAAAGTTGTGGAGGGCGGT,"[[[69, 72], [76, 79], 'CACT', 7, False]]",[],7.0
-,1.6875,193,271,GGGGATAACGCAGGAAAGAACATGTGAGCAAAAGGCCAGCAAAAGGCCAGGAACCGTAAAAAGGCCGCGTTGCTGGCG,CTTTTTCTTTAAAACCGAAAAGATTACTTCGCGTTATGCAGGCTTCCTCGCTCACTGACTCGCTGCGCTCGGTCGTTCGGCTGCGGCGAGCGGTATCAGCTCACTCAAAGGCGGTAATACGGTTATCCACAGAATCA,"[[[14, 17], [23, 26], 'TTTT', 9, False], [[15, 18], [23, 26], 'TTTT', 9, False], [[100, 103], [111, 114], 'GAGC', 10, False]]","[[1, 13]]",10.0
-,1.368421052631579,447,525,GGGAAGCGTGGCGCTTTCTCATAGCTCACGCTGTAGGTATCTCAGTTCGGTGTAGGTCGTTCGCTCCAAGCTGGGCTG,TTC,"[[[71, 74], [79, 82], 'TTCC', 8, False], [[123, 126], [133, 136], 'CGGA', 9, False]]","[[64, 76], [14, 26], [33, 45]]",9.0
-,1.4,708,786,TAGAAGAACAGTATTTGGTATCTGCGCTCTGCTGAAGCCAGTTACCTTCGGAAAAAGAGTTGGTAGCTCTTGATCCGG,ACTGGCAGCAGCCACTGGTAACAGGATTAGCAGAGCGAGGTATGTAGGCGGTGCTACAGAGTTCTTGAAGTGGTGGCCTAACTACGGCTACAC,"[[[38, 41], [48, 51], 'TAAG', 10, True], [[59, 62], [67, 70], 'TGGC', 10, False], [[99, 103], [110, 114], 'TGTAG', 8, False]]","[[19, 31], [14, 26]]",10.0
-,1.3571428571428572,1450,1528,ATCTTGCGAATATATGTGTAGAAACTGCCGGAAATCGTCGTGGTATTCACTCCAGAGCGATGAAAACGTTTCAGTTTG,GTAACACGCCAC,"[[[57, 60], [66, 69], 'GGTG', 10, False], [[58, 61], [65, 68], 'GTGA', 8, False], [[95, 98], [102, 105], 'TATT', 8, False], [[104, 107], [111, 114], 'TAAA', 8, False], [[57, 61], [65, 69], 'GGTGA', 10, False]]","[[126, 138]]",10.0
-,1.2,1678,1756,GGTCTTTAAAAAGGCCGTAATATCCAGCTGAACGGTCTGGTTATAGGTACATTGAGCAACTGACTGAAATGCCTCAAA,GTCTTTCATTGCCATACGAAATTCCGGATGAGCATTCATCAGGCGGGCAAGAATGTGAATAAAGGCCGGATAAAACTTGTGCTTATTTTTCTTTAC,"[[[80, 83], [90, 93], 'GATG', 6, False], [[81, 84], [89, 92], 'ATGA', 7, False], [[80, 84], [89, 93], 'GATGA', 8, False]]","[[42, 54]]",8.0
-,1.4285714285714286,2103,2181,GCTACTAGAGTCACACAGGAAAGTACTAGATGAGCGAACTGATCAAAGAGAACATGCACATGAAGCTGTACATGGAAG,ATTATTATCATGACATTAACCTATAAAAATAGGCGTATCACGAGGCAGAATTTCAGATAAAAAAAATCCTTAGCTTTCGCTAAGGATGATTTCTGGAATTCGCGGCCGCTTCTAGAGTTTACGGCTAGCTCAGTCCTAGGTACAATGCTA,"[[[19, 22], [29, 32], 'CCTA', 7, False], [[20, 23], [28, 31], 'CTAT', 8, False], [[69, 72], [79, 82], 'TTAG', 7, False], [[124, 127], [135, 138], 'CTAG', 7, False], [[19, 23], [28, 32], 'CCTAT', 9, False], [[68, 72], [79, 83], 'CTTAG', 8, False], [[69, 73], [78, 82], 'TTAGC', 9, False], [[67, 72], [79, 84], 'CCTTAG', 8, False], [[68, 73], [78, 83], 'CTTAGC', 9, False], [[66, 72], [79, 85], 'TCCTTAG', 8, False], [[67, 73], [78, 84], 'CCTTAGC', 9, False]]",[],9.0
-,1.6,2361,2439,CGGATTTCTTCAAACAGAGCTTTCCGGAAGGTTTCACCTGGGAGCGTGTCACCACGTATGAAGATGGTGGTGTGTTGA,ATACTCAGGGCATTC,"[[[57, 60], [67, 70], 'TGGA', 11, True], [[92, 95], [99, 102], 'CTGG', 14, True], [[56, 60], [67, 71], 'GTGGA', 13, True]]","[[64, 76], [20, 32], [15, 27]]",14.0
-,1.6428571428571428,2701,2779,GGGTGTTTACTATGTCGACTACCGTCTGGAACGCATTAAAGAAGCGAATAATGAGACTTACGTGGAGCAGCACGAGGT,GGCGAAAAATCTGAAGATGCC,"[[[6, 9], [14, 17], 'GTTT', 9, False], [[27, 30], [37, 40], 'GGCC', 10, False], [[37, 40], [46, 49], 'GGCC', 11, False], [[86, 89], [96, 99], 'ATTT', 8, False], [[87, 90], [95, 98], 'TTTG', 9, False], [[89, 92], [100, 103], 'TGAT', 8, False], [[86, 90], [95, 99], 'ATTTG', 10, False], [[88, 92], [100, 104], 'TTGAT', 9, False]]","[[117, 129]]",11.0
