start,end,strand,conf,hairpin_score,tail_score,seq_upstream,seq_hairpin_open,seq_hairpin_loop,seq_hairpin_close,seq_tail
34,57,+,100,-12.4,-5.27335,CAGTCCGGCAAAAAA,GGGCAAGGTG,TCAC,CACCCTGCCC,TTTTTCTTTAAAACC
34,57,-,100,-14.6,-5.0133,CAGTCCGGCAAAAAA,GGGCAAGGTG,TCAC,CACCCTGCCC,TTTTTCTTTAAAACC
787,821,+,100,-18.8,-3.53012,TAGCTCTTGATCCGG,CAAACAAACCACCGCT,GGT,AGCGGTGGTTTTTTTG,TTTGCAAGCAGCAGA
795,813,+,100,-14.6,-5.95539,GATCCGGCAAACAAA,CCACCGCT,GGT,AGCGGTGG,TTTTTTTGTTTGCAA
795,813,-,100,-14.6,-4.42062,GATCCGGCAAACAAA,CCACCGCT,GGT,AGCGGTGG,TTTTTTTGTTTGCAA
854,870,-,100,-7.3,-5.61596,ACGCGCAGAAAAAAA,GGATCTC,AAG,AAGATCC,TTTGATCTTTTCTAC
951,968,-,75,-5.6,-4.79223,TGAGATTATCAAAAA,GGATCT,TCACCT,AGATCC,TTTTAAATTAAAAAT
1063,1082,-,100,-9.2,-5.5112,CTCACCAATAAAAAA,CGCCCGGC,GGCA,ACCGAGCG,TTCTGAACAAATCCA
1356,1373,-,71,-4.9,-4.55128,ACGTTTAAATCAAAA,CT-GGTGA,AAC,TCACCCAG,GGATTGGCTGAGACG
1772,1806,+,83,-2.3,-5.68039,ATGTTCTTTACGATG,CCATTGGGATATATCA,ACGG,TGGTATATC-CAGTGA,TTTTTTTCTCCATTT
2020,2039,-,100,-10.8,-6.02914,TTCAGATAAAAAAAA,TCCTTAGC,TTTC,GCTAAGGA,TGATTTCTGGAATTC
2020,2039,+,74,-10.8,-3.02632,TTCAGATAAAAAAAA,TCCTTAGC,TTTC,GCTAAGGA,TGATTTCTGGAATTC
